{
  "eigenvalues_desc": [
    5.084886946537914,
    0.09141221570376964,
    0.02715856501897338,
    0.015170688355691297,
    0.010309266747002315
  ],
  "errors_Fro": [
    143.90668508960988,
    52.585881601544116,
    25.45447514758993,
    10.298957480254494,
    1.4864775909344967e-28
  ],
  "cumulative_variance": [
    0.9724512425704931,
    0.989933228636629,
    0.9951271258809156,
    0.9980284204224168,
    1.0
  ]
}