{
  "results": [
    {
      "N": 8,
      "var_y": 0.08173813890260313,
      "min_eigval": 409.5276105684587
    },
    {
      "N": 12,
      "var_y": 0.06366861126285003,
      "min_eigval": 318.9302928348846
    },
    {
      "N": 16,
      "var_y": 0.04941140646679872,
      "min_eigval": 247.3803434743315
    },
    {
      "N": 24,
      "var_y": 0.03396359780123961,
      "min_eigval": 170.04326546449514
    }
  ]
}