{
  "N": 16,
  "min_eigval": 247.3803434743315,
  "var_y": 0.04941140646679872
}