{
  "N": 24,
  "min_eigval": 170.04326546449514,
  "var_y": 0.03396359780123961
}