{
  "N": 12,
  "min_eigval": 318.9302928348846,
  "var_y": 0.06366861126285003
}