{
  "N": 8,
  "min_eigval": 409.5276105684587,
  "var_y": 0.08173813890260313
}